{"svm": [{"results": {"accuracy": 0.4214876033057851, "accuracy (f1)": 0.4165320668742802, "precisionByLabel__Executive": 0.5666666666666667, "recallByLabel__Executive": 0.2698412698412698, "fMeasureByLabel__Executive": 0.3655913978494623, "precisionByLabel__Existence": 0.2804878048780488, "recallByLabel__Existence": 0.36507936507936506, "fMeasureByLabel__Existence": 0.31724137931034485, "precisionByLabel__non-architectural": 0.3798449612403101, "recallByLabel__non-architectural": 0.550561797752809, "fMeasureByLabel__non-architectural": 0.44954128440366975, "precisionByLabel__Property": 0.5108695652173914, "recallByLabel__Property": 0.5529411764705883, "fMeasureByLabel__Property": 0.5310734463276837}, "fold": "CASSANDRA"}, {"results": {"accuracy": 0.5520833333333334, "accuracy (f1)": 0.5518762960333271, "precisionByLabel__Executive": 0.5263157894736842, "recallByLabel__Executive": 0.6451612903225806, "fMeasureByLabel__Executive": 0.5797101449275363, "precisionByLabel__Existence": 0.4666666666666667, "recallByLabel__Existence": 0.5, "fMeasureByLabel__Existence": 0.4827586206896552, "precisionByLabel__non-architectural": 0.5714285714285714, "recallByLabel__non-architectural": 0.5263157894736842, "fMeasureByLabel__non-architectural": 0.547945205479452, "precisionByLabel__Property": 0.75, "recallByLabel__Property": 0.46153846153846156, "fMeasureByLabel__Property": 0.5714285714285714}, "fold": "TAJO"}, {"results": {"accuracy": 0.4336283185840708, "accuracy (f1)": 0.4506725577593501, "precisionByLabel__Executive": 0.08333333333333333, "recallByLabel__Executive": 0.2, "fMeasureByLabel__Executive": 0.11764705882352941, "precisionByLabel__Existence": 0.6222222222222222, "recallByLabel__Existence": 0.5283018867924528, "fMeasureByLabel__Existence": 0.5714285714285715, "precisionByLabel__non-architectural": 0.4642857142857143, "recallByLabel__non-architectural": 0.43333333333333335, "fMeasureByLabel__non-architectural": 0.4482758620689655, "precisionByLabel__Property": 0.25, "recallByLabel__Property": 0.28, "fMeasureByLabel__Property": 0.2641509433962264}, "fold": "YARN"}, {"results": {"accuracy": 0.44, "accuracy (f1)": 0.4539463601532567, "precisionByLabel__Executive": 0.2, "recallByLabel__Executive": 0.25, "fMeasureByLabel__Executive": 0.22222222222222224, "precisionByLabel__Existence": 0.3125, "recallByLabel__Existence": 0.625, "fMeasureByLabel__Existence": 0.4166666666666667, "precisionByLabel__non-architectural": 0.5833333333333334, "recallByLabel__non-architectural": 0.4117647058823529, "fMeasureByLabel__non-architectural": 0.4827586206896552, "precisionByLabel__Property": 0.6666666666666666, "recallByLabel__Property": 0.47058823529411764, "fMeasureByLabel__Property": 0.5517241379310345}, "fold": "MAPREDUCE"}, {"results": {"accuracy": 0.5128205128205128, "accuracy (f1)": 0.5076695365455133, "precisionByLabel__Executive": 0.5, "recallByLabel__Executive": 0.673469387755102, "fMeasureByLabel__Executive": 0.5739130434782608, "precisionByLabel__Existence": 0.6, "recallByLabel__Existence": 0.3620689655172414, "fMeasureByLabel__Existence": 0.45161290322580644, "precisionByLabel__non-architectural": 0.425531914893617, "recallByLabel__non-architectural": 0.5405405405405406, "fMeasureByLabel__non-architectural": 0.4761904761904763, "precisionByLabel__Property": 0.5531914893617021, "recallByLabel__Property": 0.5098039215686274, "fMeasureByLabel__Property": 0.5306122448979591}, "fold": "HADOOP"}, {"results": {"accuracy": 0.4785714285714286, "accuracy (f1)": 0.4817436974789916, "precisionByLabel__Executive": 0.3684210526315789, "recallByLabel__Executive": 0.3333333333333333, "fMeasureByLabel__Executive": 0.35, "precisionByLabel__Existence": 0.4791666666666667, "recallByLabel__Existence": 0.5227272727272727, "fMeasureByLabel__Existence": 0.5, "precisionByLabel__non-architectural": 0.38461538461538464, "recallByLabel__non-architectural": 0.5172413793103449, "fMeasureByLabel__non-architectural": 0.4411764705882353, "precisionByLabel__Property": 0.6470588235294118, "recallByLabel__Property": 0.4782608695652174, "fMeasureByLabel__Property": 0.55}, "fold": "HDFS"}], "dtree": [{"results": {"accuracy": 0.17355371900826447, "accuracy (f1)": 0.05133279012920498, "precisionByLabel__Executive": 0.0, "recallByLabel__Executive": 0.0, "fMeasureByLabel__Executive": 0.0, "precisionByLabel__Existence": 0.17355371900826447, "recallByLabel__Existence": 1.0, "fMeasureByLabel__Existence": 0.29577464788732394, "precisionByLabel__non-architectural": 0.0, "recallByLabel__non-architectural": 0.0, "fMeasureByLabel__non-architectural": 0.0, "precisionByLabel__Property": 0.0, "recallByLabel__Property": 0.0, "fMeasureByLabel__Property": 0.0}, "fold": "CASSANDRA"}, {"results": {"accuracy": 0.14583333333333334, "accuracy (f1)": 0.037121212121212124, "precisionByLabel__Executive": 0.0, "recallByLabel__Executive": 0.0, "fMeasureByLabel__Executive": 0.0, "precisionByLabel__Existence": 0.14583333333333334, "recallByLabel__Existence": 1.0, "fMeasureByLabel__Existence": 0.2545454545454546, "precisionByLabel__non-architectural": 0.0, "recallByLabel__non-architectural": 0.0, "fMeasureByLabel__non-architectural": 0.0, "precisionByLabel__Property": 0.0, "recallByLabel__Property": 0.0, "fMeasureByLabel__Property": 0.0}, "fold": "TAJO"}, {"results": {"accuracy": 0.04424778761061947, "accuracy (f1)": 0.003749812509374531, "precisionByLabel__Executive": 0.04424778761061947, "recallByLabel__Executive": 1.0, "fMeasureByLabel__Executive": 0.0847457627118644, "precisionByLabel__Existence": 0.0, "recallByLabel__Existence": 0.0, "fMeasureByLabel__Existence": 0.0, "precisionByLabel__non-architectural": 0.0, "recallByLabel__non-architectural": 0.0, "fMeasureByLabel__non-architectural": 0.0, "precisionByLabel__Property": 0.0, "recallByLabel__Property": 0.0, "fMeasureByLabel__Property": 0.0}, "fold": "YARN"}, {"results": {"accuracy": 0.16, "accuracy (f1)": 0.04413793103448277, "precisionByLabel__Executive": 0.16, "recallByLabel__Executive": 1.0, "fMeasureByLabel__Executive": 0.2758620689655173, "precisionByLabel__Existence": 0.0, "recallByLabel__Existence": 0.0, "fMeasureByLabel__Existence": 0.0, "precisionByLabel__non-architectural": 0.0, "recallByLabel__non-architectural": 0.0, "fMeasureByLabel__non-architectural": 0.0, "precisionByLabel__Property": 0.0, "recallByLabel__Property": 0.0, "fMeasureByLabel__Property": 0.0}, "fold": "MAPREDUCE"}, {"results": {"accuracy": 0.18974358974358974, "accuracy (f1)": 0.060521662245800176, "precisionByLabel__Executive": 0.0, "recallByLabel__Executive": 0.0, "fMeasureByLabel__Executive": 0.0, "precisionByLabel__Existence": 0.0, "recallByLabel__Existence": 0.0, "fMeasureByLabel__Existence": 0.0, "precisionByLabel__non-architectural": 0.18974358974358974, "recallByLabel__non-architectural": 1.0, "fMeasureByLabel__non-architectural": 0.3189655172413793, "precisionByLabel__Property": 0.0, "recallByLabel__Property": 0.0, "fMeasureByLabel__Property": 0.0}, "fold": "HADOOP"}, {"results": {"accuracy": 0.15, "accuracy (f1)": 0.03913043478260869, "precisionByLabel__Executive": 0.15, "recallByLabel__Executive": 1.0, "fMeasureByLabel__Executive": 0.2608695652173913, "precisionByLabel__Existence": 0.0, "recallByLabel__Existence": 0.0, "fMeasureByLabel__Existence": 0.0, "precisionByLabel__non-architectural": 0.0, "recallByLabel__non-architectural": 0.0, "fMeasureByLabel__non-architectural": 0.0, "precisionByLabel__Property": 0.0, "recallByLabel__Property": 0.0, "fMeasureByLabel__Property": 0.0}, "fold": "HDFS"}], "logreg": [{"results": {"accuracy": 0.3333333333333333, "accuracy (f1)": 0.26797224385414115, "precisionByLabel__Executive": 0.8571428571428571, "recallByLabel__Executive": 0.047619047619047616, "fMeasureByLabel__Executive": 0.09022556390977444, "precisionByLabel__Existence": 0.27564102564102566, "recallByLabel__Existence": 0.6825396825396826, "fMeasureByLabel__Existence": 0.3926940639269407, "precisionByLabel__non-architectural": 0.3630573248407643,