{"svm": [{"results": {"accuracy": 0.5403899721448467, "accuracy (f1)": 0.5488408946304111, "precisionByLabel__Executive": 0.7530864197530864, "recallByLabel__Executive": 0.4959349593495935, "fMeasureByLabel__Executive": 0.5980392156862745, "precisionByLabel__Existence": 0.4, "recallByLabel__Existence": 0.5483870967741935, "fMeasureByLabel__Existence": 0.46258503401360546, "precisionByLabel__non-architectural": 0.4298245614035088, "recallByLabel__non-architectural": 0.550561797752809, "fMeasureByLabel__non-architectural": 0.4827586206896552, "precisionByLabel__Property": 0.6329113924050633, "recallByLabel__Property": 0.5882352941176471, "fMeasureByLabel__Property": 0.6097560975609757}, "fold": "CASSANDRA"}, {"results": {"accuracy": 0.5094339622641509, "accuracy (f1)": 0.5200787144183371, "precisionByLabel__Executive": 0.25, "recallByLabel__Executive": 0.2857142857142857, "fMeasureByLabel__Executive": 0.26666666666666666, "precisionByLabel__Existence": 0.3125, "recallByLabel__Existence": 0.5, "fMeasureByLabel__Existence": 0.38461538461538464, "precisionByLabel__non-architectural": 0.7222222222222222, "recallByLabel__non-architectural": 0.6842105263157895, "fMeasureByLabel__non-architectural": 0.7027027027027027, "precisionByLabel__Property": 0.6363636363636364, "recallByLabel__Property": 0.4117647058823529, "fMeasureByLabel__Property": 0.5}, "fold": "MAPREDUCE"}, {"results": {"accuracy": 0.550561797752809, "accuracy (f1)": 0.5424740957092758, "precisionByLabel__Executive": 0.7272727272727273, "recallByLabel__Executive": 0.75, "fMeasureByLabel__Executive": 0.7384615384615384, "precisionByLabel__Existence": 0.42857142857142855, "recallByLabel__Existence": 0.2727272727272727, "fMeasureByLabel__Existence": 0.33333333333333326, "precisionByLabel__non-architectural": 0.5384615384615384, "recallByLabel__non-architectural": 0.6363636363636364, "fMeasureByLabel__non-architectural": 0.5833333333333334, "precisionByLabel__Property": 0.3125, "recallByLabel__Property": 0.38461538461538464, "fMeasureByLabel__Property": 0.3448275862068966}, "fold": "TAJO"}, {"results": {"accuracy": 0.5128205128205128, "accuracy (f1)": 0.5137162754297486, "precisionByLabel__Executive": 0.47692307692307695, "recallByLabel__Executive": 0.6078431372549019, "fMeasureByLabel__Executive": 0.5344827586206896, "precisionByLabel__Existence": 0.4186046511627907, "recallByLabel__Existence": 0.4186046511627907, "fMeasureByLabel__Existence": 0.4186046511627907, "precisionByLabel__non-architectural": 0.5319148936170213, "recallByLabel__non-architectural": 0.5, "fMeasureByLabel__non-architectural": 0.5154639175257731, "precisionByLabel__Property": 0.65, "recallByLabel__Property": 0.5098039215686274, "fMeasureByLabel__Property": 0.5714285714285715}, "fold": "HADOOP"}, {"results": {"accuracy": 0.4295774647887324, "accuracy (f1)": 0.4309014371248239, "precisionByLabel__Executive": 0.4090909090909091, "recallByLabel__Executive": 0.42857142857142855, "fMeasureByLabel__Executive": 0.4186046511627907, "precisionByLabel__Existence": 0.40540540540540543, "recallByLabel__Existence": 0.3409090909090909, "fMeasureByLabel__Existence": 0.37037037037037035, "precisionByLabel__non-architectural": 0.34146341463414637, "recallByLabel__non-architectural": 0.45161290322580644, "fMeasureByLabel__non-architectural": 0.3888888888888889, "precisionByLabel__Property": 0.5476190476190477, "recallByLabel__Property": 0.5, "fMeasureByLabel__Property": 0.5227272727272727}, "fold": "HDFS"}, {"results": {"accuracy": 0.36134453781512604, "accuracy (f1)": 0.3763597943164507, "precisionByLabel__Executive": 0.14285714285714285, "recallByLabel__Executive": 0.5, "fMeasureByLabel__Executive": 0.22222222222222224, "precisionByLabel__Existence": 0.55, "recallByLabel__Existence": 0.3728813559322034, "fMeasureByLabel__Existence": 0.4444444444444445, "precisionByLabel__non-architectural": 0.2857142857142857, "recallByLabel__non-architectural": 0.27586206896551724, "fMeasureByLabel__non-architectural": 0.28070175438596495, "precisionByLabel__Property": 0.3333333333333333, "recallByLabel__Property": 0.4, "fMeasureByLabel__Property": 0.3636363636363636}, "fold": "YARN"}], "dtree": [{"results": {"accuracy": 0.17270194986072424, "accuracy (f1)": 0.050867082619310694, "precisionByLabel__Executive": 0.0, "recallByLabel__Executive": 0.0, "fMeasureByLabel__Executive": 0.0, "precisionByLabel__Existence": 0.17270194986072424, "recallByLabel__Existence": 1.0, "fMeasureByLabel__Existence": 0.29453681710213775, "precisionByLabel__non-architectural": 0.0, "recallByLabel__non-architectural": 0.0, "fMeasureByLabel__non-architectural": 0.0, "precisionByLabel__Property": 0.0, "recallByLabel__Property": 0.0, "fMeasureByLabel__Property": 0.0}, "fold": "CASSANDRA"}, {"results": {"accuracy": 0.1320754716981132, "accuracy (f1)": 0.030817610062893082, "precisionByLabel__Executive": 0.1320754716981132, "recallByLabel__Executive": 1.0, "fMeasureByLabel__Executive": 0.23333333333333334, "precisionByLabel__Existence": 0.0, "recallByLabel__Existence": 0.0, "fMeasureByLabel__Existence": 0.0, "precisionByLabel__non-architectural": 0.0, "recallByLabel__non-architectural": 0.0, "fMeasureByLabel__non-architectural": 0.0, "precisionByLabel__Property": 0.0, "recallByLabel__Property": 0.0, "fMeasureByLabel__Property": 0.0}, "fold": "MAPREDUCE"}, {"results": {"accuracy": 0.14606741573033707, "accuracy (f1)": 0.03723287067636044, "precisionByLabel__Executive": 0.0, "recallByLabel__Executive": 0.0, "fMeasureByLabel__Executive": 0.0, "precisionByLabel__Existence": 0.0, "recallByLabel__Existence": 0.0, "fMeasureByLabel__Existence": 0.0, "precisionByLabel__non-architectural": 0.0, "recallByLabel__non-architectural": 0.0, "fMeasureByLabel__non-architectural": 0.0, "precisionByLabel__Property": 0.14606741573033707, "recallByLabel__Property": 1.0, "fMeasureByLabel__Property": 0.25490196078431376}, "fold": "TAJO"}, {"results": {"accuracy": 0.2205128205128205, "accuracy (f1)": 0.07968110321051497, "precisionByLabel__Executive": 0.0, "recallByLabel__Executive": 0.0, "fMeasureByLabel__Executive": 0.0, "precisionByLabel__Existence": 0.2205128205128205, "recallByLabel__Existence": 1.0, "fMeasureByLabel__Existence": 0.361344537815126, "precisionByLabel__non-architectural": 0.0, "recallByLabel__non-architectural": 0.0, "fMeasureByLabel__non-architectural": 0.0, "precisionByLabel__Property": 0.0, "recallByLabel__Property": 0.0, "fMeasureByLabel__Property": 0.0}, "fold": "HADOOP"}, {"results": {"accuracy": 0.14788732394366197, "accuracy (f1)": 0.03810593623088222, "precisionByLabel__Executive": 0.14788732394366197, "recallByLabel__Executive": 1.0, "fMeasureByLabel__Executive": 0.25766871165644173, "precisionByLabel__Existence": 0.0, "recallByLabel__Existence": 0.0, "fMeasureByLabel__Existence": 0.0, "precisionByLabel__non-architectural": 0.0, "recallByLabel__non-architectural": 0.0, "fMeasureByLabel__non-architectural": 0.0, "precisionByLabel__Property": 0.0, "recallByLabel__Property": 0.0, "fMeasureByLabel__Property": 0.0}, "fold": "HDFS"}, {"results": {"accuracy": 0.05042016806722689, "accuracy (f1)": 0.004840336134453782, "precisionByLabel__Executive": 0.05042016806722689, "recallByLabel__Executive": 1.0, "fMeasureByLabel__Executive": 0.096, "precisionByLabel__Existence": 0.0, "recallByLabel__Existence": 0.0, "fMeasureByLabel__Existence": 0.0, "precisionByLabel__non-architectural": 0.0, "recallByLabel__non-architectural": 0.0, "fMeasureByLabel__non-architectural": 0.0, "precisionByLabel__Property": 0.0, "recallByLabel__Property": 0.0, "fMeasureByLabel__Property": 0.0}, "fold": "YARN"}], "logreg": [{"results": {"accuracy": 0.34818941504178275, "accuracy (f1)": 0.2995571589119937, "precisionByLabel__Executive": 0.8333333333333334, "recallByLabel__Executive": 0.04065040650406504, "fMeasureByLabel__Executive": 0.07751937984496124, "precisionByLabel__Existence": 0.23008849557522124, "recallByLabel__Existence": 0.41935483870967744, "fMeasureByLabel__Existence": 0.29714285714285715,