{"svm": [{"results": {"accuracy": 0.5650969529085873, "accuracy (f1)": 0.5672348394320631, "precisionByLabel__Executive": 0.7142857142857143, "recallByLabel__Executive": 0.5882352941176471, "fMeasureByLabel__Executive": 0.6451612903225806, "precisionByLabel__Existence": 0.4153846153846154, "recallByLabel__Existence": 0.421875, "fMeasureByLabel__Existence": 0.4186046511627907, "precisionByLabel__non-architectural": 0.52, "recallByLabel__non-architectural": 0.5591397849462365, "fMeasureByLabel__non-architectural": 0.5388601036269429, "precisionByLabel__Property": 0.5612244897959183, "recallByLabel__Property": 0.6470588235294118, "fMeasureByLabel__Property": 0.6010928961748634}, "fold": "CASSANDRA"}, {"results": {"accuracy": 0.4528301886792453, "accuracy (f1)": 0.45709929483514383, "precisionByLabel__Executive": 0.3333333333333333, "recallByLabel__Executive": 0.7142857142857143, "fMeasureByLabel__Executive": 0.4545454545454545, "precisionByLabel__Existence": 0.2222222222222222, "recallByLabel__Existence": 0.2222222222222222, "fMeasureByLabel__Existence": 0.2222222222222222, "precisionByLabel__non-architectural": 0.625, "recallByLabel__non-architectural": 0.5, "fMeasureByLabel__non-architectural": 0.5555555555555556, "precisionByLabel__Property": 0.5384615384615384, "recallByLabel__Property": 0.4117647058823529, "fMeasureByLabel__Property": 0.4666666666666667}, "fold": "MAPREDUCE"}, {"results": {"accuracy": 0.59, "accuracy (f1)": 0.5850474383301708, "precisionByLabel__Executive": 0.59375, "recallByLabel__Executive": 0.6333333333333333, "fMeasureByLabel__Executive": 0.6129032258064516, "precisionByLabel__Existence": 0.6923076923076923, "recallByLabel__Existence": 0.42857142857142855, "fMeasureByLabel__Existence": 0.5294117647058824, "precisionByLabel__non-architectural": 0.6190476190476191, "recallByLabel__non-architectural": 0.7222222222222222, "fMeasureByLabel__non-architectural": 0.6666666666666666, "precisionByLabel__Property": 0.38461538461538464, "recallByLabel__Property": 0.38461538461538464, "fMeasureByLabel__Property": 0.38461538461538464}, "fold": "TAJO"}, {"results": {"accuracy": 0.5527638190954773, "accuracy (f1)": 0.5404860847890078, "precisionByLabel__Executive": 0.6428571428571429, "recallByLabel__Executive": 0.6792452830188679, "fMeasureByLabel__Executive": 0.6605504587155964, "precisionByLabel__Existence": 0.45454545454545453, "recallByLabel__Existence": 0.28846153846153844, "fMeasureByLabel__Existence": 0.3529411764705882, "precisionByLabel__non-architectural": 0.5081967213114754, "recallByLabel__non-architectural": 0.7209302325581395, "fMeasureByLabel__non-architectural": 0.5961538461538461, "precisionByLabel__Property": 0.5714285714285714, "recallByLabel__Property": 0.5490196078431373, "fMeasureByLabel__Property": 0.5599999999999999}, "fold": "HADOOP"}, {"results": {"accuracy": 0.4178082191780822, "accuracy (f1)": 0.4254353355696833, "precisionByLabel__Executive": 0.32, "recallByLabel__Executive": 0.3333333333333333, "fMeasureByLabel__Executive": 0.32653061224489793, "precisionByLabel__Existence": 0.5384615384615384, "recallByLabel__Existence": 0.42, "fMeasureByLabel__Existence": 0.4719101123595505, "precisionByLabel__non-architectural": 0.24324324324324326, "recallByLabel__non-architectural": 0.34615384615384615, "fMeasureByLabel__non-architectural": 0.2857142857142857, "precisionByLabel__Property": 0.5111111111111111, "recallByLabel__Property": 0.5, "fMeasureByLabel__Property": 0.5054945054945055}, "fold": "HDFS"}, {"results": {"accuracy": 0.45918367346938777, "accuracy (f1)": 0.46400317564096577, "precisionByLabel__Executive": 0.16666666666666666, "recallByLabel__Executive": 0.2857142857142857, "fMeasureByLabel__Executive": 0.2105263157894737, "precisionByLabel__Existence": 0.5625, "recallByLabel__Existence": 0.4090909090909091, "fMeasureByLabel__Existence": 0.47368421052631576, "precisionByLabel__non-architectural": 0.42424242424242425, "recallByLabel__non-architectural": 0.6363636363636364, "fMeasureByLabel__non-architectural": 0.5090909090909091, "precisionByLabel__Property": 0.5238095238095238, "recallByLabel__Property": 0.44, "fMeasureByLabel__Property": 0.4782608695652174}, "fold": "YARN"}], "dtree": [{"results": {"accuracy": 0.1772853185595568, "accuracy (f1)": 0.05339416653087827, "precisionByLabel__Executive": 0.0, "recallByLabel__Executive": 0.0, "fMeasureByLabel__Executive": 0.0, "precisionByLabel__Existence": 0.1772853185595568, "recallByLabel__Existence": 1.0, "fMeasureByLabel__Existence": 0.30117647058823527, "precisionByLabel__non-architectural": 0.0, "recallByLabel__non-architectural": 0.0, "fMeasureByLabel__non-architectural": 0.0, "precisionByLabel__Property": 0.0, "recallByLabel__Property": 0.0, "fMeasureByLabel__Property": 0.0}, "fold": "CASSANDRA"}, {"results": {"accuracy": 0.1320754716981132, "accuracy (f1)": 0.030817610062893082, "precisionByLabel__Executive": 0.1320754716981132, "recallByLabel__Executive": 1.0, "fMeasureByLabel__Executive": 0.23333333333333334, "precisionByLabel__Existence": 0.0, "recallByLabel__Existence": 0.0, "fMeasureByLabel__Existence": 0.0, "precisionByLabel__non-architectural": 0.0, "recallByLabel__non-architectural": 0.0, "fMeasureByLabel__non-architectural": 0.0, "precisionByLabel__Property": 0.0, "recallByLabel__Property": 0.0, "fMeasureByLabel__Property": 0.0}, "fold": "MAPREDUCE"}, {"results": {"accuracy": 0.13, "accuracy (f1)": 0.029911504424778763, "precisionByLabel__Executive": 0.0, "recallByLabel__Executive": 0.0, "fMeasureByLabel__Executive": 0.0, "precisionByLabel__Existence": 0.0, "recallByLabel__Existence": 0.0, "fMeasureByLabel__Existence": 0.0, "precisionByLabel__non-architectural": 0.0, "recallByLabel__non-architectural": 0.0, "fMeasureByLabel__non-architectural": 0.0, "precisionByLabel__Property": 0.13, "recallByLabel__Property": 1.0, "fMeasureByLabel__Property": 0.23008849557522126}, "fold": "TAJO"}, {"results": {"accuracy": 0.21608040201005024, "accuracy (f1)": 0.07678890319365421, "precisionByLabel__Executive": 0.0, "recallByLabel__Executive": 0.0, "fMeasureByLabel__Executive": 0.0, "precisionByLabel__Existence": 0.0, "recallByLabel__Existence": 0.0, "fMeasureByLabel__Existence": 0.0, "precisionByLabel__non-architectural": 0.21608040201005024, "recallByLabel__non-architectural": 1.0, "fMeasureByLabel__non-architectural": 0.35537190082644626, "precisionByLabel__Property": 0.0, "recallByLabel__Property": 0.0, "fMeasureByLabel__Property": 0.0}, "fold": "HADOOP"}, {"results": {"accuracy": 0.1643835616438356, "accuracy (f1)": 0.046414182111200644, "precisionByLabel__Executive": 0.1643835616438356, "recallByLabel__Executive": 1.0, "fMeasureByLabel__Executive": 0.2823529411764706, "precisionByLabel__Existence": 0.0, "recallByLabel__Existence": 0.0, "fMeasureByLabel__Existence": 0.0, "precisionByLabel__non-architectural": 0.0, "recallByLabel__non-architectural": 0.0, "fMeasureByLabel__non-architectural": 0.0, "precisionByLabel__Property": 0.0, "recallByLabel__Property": 0.0, "fMeasureByLabel__Property": 0.0}, "fold": "HDFS"}, {"results": {"accuracy": 0.07142857142857142, "accuracy (f1)": 0.009523809523809525, "precisionByLabel__Executive": 0.07142857142857142, "recallByLabel__Executive": 1.0, "fMeasureByLabel__Executive": 0.13333333333333333, "precisionByLabel__Existence": 0.0, "recallByLabel__Existence": 0.0, "fMeasureByLabel__Existence": 0.0, "precisionByLabel__non-architectural": 0.0, "recallByLabel__non-architectural": 0.0, "fMeasureByLabel__non-architectural": 0.0, "precisionByLabel__Property": 0.0, "recallByLabel__Property": 0.0, "fMeasureByLabel__Property": 0.0}, "fold": "YARN"}], "logreg": [{"results": {"accuracy": 0.39058171745152354, "accuracy (f1)": 0.37460292747496354, "precisionByLabel__Executive": 0.8, "recallByLabel__Executive": 0.16806722689075632, "fMeasureByLabel__Executive": 0.2777777777777778, "precisionByLabel__Existence": 0.2764227642276423, "recallByLabel__Existence": 0.53125, "fMeasureByLabel__Existence": 0.36363636363636365,