{"svm": [{"results": {"accuracy": 0.5217391304347826, "accuracy (f1)": 0.5195105101545849, "precisionByLabel__Executive": 0.5714285714285714, "recallByLabel__Executive": 0.7142857142857143, "fMeasureByLabel__Executive": 0.634920634920635, "precisionByLabel__Existence": 0.3170731707317073, "recallByLabel__Existence": 0.35135135135135137, "fMeasureByLabel__Existence": 0.33333333333333337, "precisionByLabel__non-architectural": 0.5806451612903226, "recallByLabel__non-architectural": 0.45, "fMeasureByLabel__non-architectural": 0.5070422535211268, "precisionByLabel__Property": 0.5952380952380952, "recallByLabel__Property": 0.49019607843137253, "fMeasureByLabel__Property": 0.5376344086021505}, "fold": "HADOOP"}, {"results": {"accuracy": 0.5280898876404494, "accuracy (f1)": 0.5104232542003899, "precisionByLabel__Executive": 0.5581395348837209, "recallByLabel__Executive": 0.7272727272727273, "fMeasureByLabel__Executive": 0.6315789473684211, "precisionByLabel__Existence": 0.5, "recallByLabel__Existence": 0.2, "fMeasureByLabel__Existence": 0.28571428571428575, "precisionByLabel__non-architectural": 0.4666666666666667, "recallByLabel__non-architectural": 0.5, "fMeasureByLabel__non-architectural": 0.4827586206896552, "precisionByLabel__Property": 0.6, "recallByLabel__Property": 0.46153846153846156, "fMeasureByLabel__Property": 0.5217391304347826}, "fold": "TAJO"}, {"results": {"accuracy": 0.48148148148148145, "accuracy (f1)": 0.48320330022221014, "precisionByLabel__Executive": 0.5384615384615384, "recallByLabel__Executive": 0.7777777777777778, "fMeasureByLabel__Executive": 0.6363636363636364, "precisionByLabel__Existence": 0.26666666666666666, "recallByLabel__Existence": 0.36363636363636365, "fMeasureByLabel__Existence": 0.30769230769230765, "precisionByLabel__non-architectural": 0.5833333333333334, "recallByLabel__non-architectural": 0.4117647058823529, "fMeasureByLabel__non-architectural": 0.4827586206896552, "precisionByLabel__Property": 0.5714285714285714, "recallByLabel__Property": 0.47058823529411764, "fMeasureByLabel__Property": 0.5161290322580646}, "fold": "MAPREDUCE"}, {"results": {"accuracy": 0.516042780748663, "accuracy (f1)": 0.512074192573361, "precisionByLabel__Executive": 0.5615384615384615, "recallByLabel__Executive": 0.6186440677966102, "fMeasureByLabel__Executive": 0.588709677419355, "precisionByLabel__Existence": 0.453125, "recallByLabel__Existence": 0.37662337662337664, "fMeasureByLabel__Existence": 0.4113475177304965, "precisionByLabel__non-architectural": 0.4659090909090909, "recallByLabel__non-architectural": 0.43617021276595747, "fMeasureByLabel__non-architectural": 0.4505494505494506, "precisionByLabel__Property": 0.5434782608695652, "recallByLabel__Property": 0.5882352941176471, "fMeasureByLabel__Property": 0.5649717514124295}, "fold": "CASSANDRA"}, {"results": {"accuracy": 0.41333333333333333, "accuracy (f1)": 0.4059692854556418, "precisionByLabel__Executive": 0.3225806451612903, "recallByLabel__Executive": 0.5555555555555556, "fMeasureByLabel__Executive": 0.40816326530612246, "precisionByLabel__Existence": 0.4358974358974359, "recallByLabel__Existence": 0.34, "fMeasureByLabel__Existence": 0.38202247191011235, "precisionByLabel__non-architectural": 0.3333333333333333, "recallByLabel__non-architectural": 0.25, "fMeasureByLabel__non-architectural": 0.28571428571428575, "precisionByLabel__Property": 0.49056603773584906, "recallByLabel__Property": 0.5652173913043478, "fMeasureByLabel__Property": 0.5252525252525252}, "fold": "HDFS"}, {"results": {"accuracy": 0.4811320754716981, "accuracy (f1)": 0.49381229333329346, "precisionByLabel__Executive": 0.15384615384615385, "recallByLabel__Executive": 0.3333333333333333, "fMeasureByLabel__Executive": 0.21052631578947367, "precisionByLabel__Existence": 0.625, "recallByLabel__Existence": 0.5, "fMeasureByLabel__Existence": 0.5555555555555556, "precisionByLabel__non-architectural": 0.46153846153846156, "recallByLabel__non-architectural": 0.48, "fMeasureByLabel__non-architectural": 0.47058823529411764, "precisionByLabel__Property": 0.4444444444444444, "recallByLabel__Property": 0.48, "fMeasureByLabel__Property": 0.4615384615384615}, "fold": "YARN"}], "dtree": [{"results": {"accuracy": 0.20108695652173914, "accuracy (f1)": 0.06733228408420223, "precisionByLabel__Executive": 0.0, "recallByLabel__Executive": 0.0, "fMeasureByLabel__Executive": 0.0, "precisionByLabel__Existence": 0.20108695652173914, "recallByLabel__Existence": 1.0, "fMeasureByLabel__Existence": 0.334841628959276, "precisionByLabel__non-architectural": 0.0, "recallByLabel__non-architectural": 0.0, "fMeasureByLabel__non-architectural": 0.0, "precisionByLabel__Property": 0.0, "recallByLabel__Property": 0.0, "fMeasureByLabel__Property": 0.0}, "fold": "HADOOP"}, {"results": {"accuracy": 0.16853932584269662, "accuracy (f1)": 0.04861711322385479, "precisionByLabel__Executive": 0.0, "recallByLabel__Executive": 0.0, "fMeasureByLabel__Executive": 0.0, "precisionByLabel__Existence": 0.16853932584269662, "recallByLabel__Existence": 1.0, "fMeasureByLabel__Existence": 0.28846153846153844, "precisionByLabel__non-architectural": 0.0, "recallByLabel__non-architectural": 0.0, "fMeasureByLabel__non-architectural": 0.0, "precisionByLabel__Property": 0.0, "recallByLabel__Property": 0.0, "fMeasureByLabel__Property": 0.0}, "fold": "TAJO"}, {"results": {"accuracy": 0.16666666666666666, "accuracy (f1)": 0.047619047619047616, "precisionByLabel__Executive": 0.16666666666666666, "recallByLabel__Executive": 1.0, "fMeasureByLabel__Executive": 0.2857142857142857, "precisionByLabel__Existence": 0.0, "recallByLabel__Existence": 0.0, "fMeasureByLabel__Existence": 0.0, "precisionByLabel__non-architectural": 0.0, "recallByLabel__non-architectural": 0.0, "fMeasureByLabel__non-architectural": 0.0, "precisionByLabel__Property": 0.0, "recallByLabel__Property": 0.0, "fMeasureByLabel__Property": 0.0}, "fold": "MAPREDUCE"}, {"results": {"accuracy": 0.20588235294117646, "accuracy (f1)": 0.0703012912482066, "precisionByLabel__Executive": 0.0, "recallByLabel__Executive": 0.0, "fMeasureByLabel__Executive": 0.0, "precisionByLabel__Existence": 0.20588235294117646, "recallByLabel__Existence": 1.0, "fMeasureByLabel__Existence": 0.34146341463414637, "precisionByLabel__non-architectural": 0.0, "recallByLabel__non-architectural": 0.0, "fMeasureByLabel__non-architectural": 0.0, "precisionByLabel__Property": 0.0, "recallByLabel__Property": 0.0, "fMeasureByLabel__Property": 0.0}, "fold": "CASSANDRA"}, {"results": {"accuracy": 0.12, "accuracy (f1)": 0.02571428571428571, "precisionByLabel__Executive": 0.12, "recallByLabel__Executive": 1.0, "fMeasureByLabel__Executive": 0.21428571428571425, "precisionByLabel__Existence": 0.0, "recallByLabel__Existence": 0.0, "fMeasureByLabel__Existence": 0.0, "precisionByLabel__non-architectural": 0.0, "recallByLabel__non-architectural": 0.0, "fMeasureByLabel__non-architectural": 0.0, "precisionByLabel__Property": 0.0, "recallByLabel__Property": 0.0, "fMeasureByLabel__Property": 0.0}, "fold": "HDFS"}, {"results": {"accuracy": 0.05660377358490566, "accuracy (f1)": 0.006064690026954179, "precisionByLabel__Executive": 0.05660377358490566, "recallByLabel__Executive": 1.0, "fMeasureByLabel__Executive": 0.10714285714285715, "precisionByLabel__Existence": 0.0, "recallByLabel__Existence": 0.0, "fMeasureByLabel__Existence": 0.0, "precisionByLabel__non-architectural": 0.0, "recallByLabel__non-architectural": 0.0, "fMeasureByLabel__non-architectural": 0.0, "precisionByLabel__Property": 0.0, "recallByLabel__Property": 0.0, "fMeasureByLabel__Property": 0.0}, "fold": "YARN"}], "logreg": [{"results": {"accuracy": 0.30978260869565216, "accuracy (f1)": 0.25942251608450767, "precisionByLabel__Executive": 0.7142857142857143, "recallByLabel__Executive": 0.08928571428571429, "fMeasureByLabel__Executive": 0.15873015873015872, "precisionByLabel__Existence": 0.22772277227722773, "recallByLabel__Existence": 0.6216216216216216, "fMeasureByLabel__Existence": 0.33333333333333337,