{"svm": [{"accuracy": 0.6694587628865979, "accuracy (f1)": 0.6540772639466452, "precisionByLabel__true": 0.7839643652561247, "recallByLabel__true": 0.4583333333333333, "fMeasureByLabel__true": 0.5784716516023007, "precisionByLabel__false": 0.7839643652561247, "recallByLabel__false": 0.4583333333333333, "fMeasureByLabel__false": 0.5784716516023007}], "dtree": [{"accuracy": 0.4948453608247423, "accuracy (f1)": 0.32762175613224315, "precisionByLabel__true": 0.4948453608247423, "recallByLabel__true": 1.0, "fMeasureByLabel__true": 0.6620689655172414, "precisionByLabel__false": 0.4948453608247423, "recallByLabel__false": 1.0, "fMeasureByLabel__false": 0.6620689655172414}], "logreg": [{"accuracy": 0.5, "accuracy (f1)": 0.4945115027832425, "precisionByLabel__true": 0.4957356076759062, "recallByLabel__true": 0.60546875, "fMeasureByLabel__true": 0.5451348182883939, "precisionByLabel__false": 0.4957356076759062, "recallByLabel__false": 0.60546875, "fMeasureByLabel__false": 0.5451348182883939}], "onevsrest": [{"accuracy": 0.6333762886597938, "accuracy (f1)": 0.6241571762600562, "precisionByLabel__true": 0.6866791744840526, "recallByLabel__true": 0.4765625, "fMeasureByLabel__true": 0.5626441199077633, "precisionByLabel__false": 0.6866791744840526, "recallByLabel__false": 0.4765625, "fMeasureByLabel__false": 0.5626441199077633}], "bayes": [{"accuracy": 0.6759020618556701, "accuracy (f1)": 0.6737276872980661, "precisionByLabel__true": 0.646733111849391, "recallByLabel__true": 0.7604166666666666, "fMeasureByLabel__true": 0.698982645122681, "precisionByLabel__false": 0.646733111849391, "recallByLabel__false": 0.7604166666666666, "fMeasureByLabel__false": 0.698982645122681}]}