{"svm": [{"accuracy": 0.708122992198256, "accuracy (f1)": 0.6926499618835937, "precisionByLabel__false": 0.6076923076923076, "recallByLabel__false": 0.42245989304812837, "fMeasureByLabel__false": 0.49842271293375395, "precisionByLabel__true": 0.6076923076923076, "recallByLabel__true": 0.42245989304812837, "fMeasureByLabel__true": 0.49842271293375395}], "dtree": [{"accuracy": 0.3432767324460762, "accuracy (f1)": 0.17544994593075844, "precisionByLabel__false": 0.3432767324460762, "recallByLabel__false": 1.0, "fMeasureByLabel__false": 0.5111035189613939, "precisionByLabel__true": 0.3432767324460762, "recallByLabel__true": 1.0, "fMeasureByLabel__true": 0.5111035189613939}], "logreg": [{"accuracy": 0.708122992198256, "accuracy (f1)": 0.6558285714240477, "precisionByLabel__false": 0.7295081967213115, "recallByLabel__false": 0.23796791443850268, "fMeasureByLabel__false": 0.3588709677419355, "precisionByLabel__true": 0.7295081967213115, "recallByLabel__true": 0.23796791443850268, "fMeasureByLabel__true": 0.3588709677419355}], "onevsrest": [{"accuracy": 0.6879302432308398, "accuracy (f1)": 0.6409591651515424, "precisionByLabel__false": 0.6164383561643836, "recallByLabel__false": 0.24064171122994651, "fMeasureByLabel__false": 0.3461538461538462, "precisionByLabel__true": 0.6164383561643836, "recallByLabel__true": 0.24064171122994651, "fMeasureByLabel__true": 0.3461538461538462}], "bayes": [{"accuracy": 0.6714089031665902, "accuracy (f1)": 0.6760949770178751, "precisionByLabel__false": 0.5186480186480187, "recallByLabel__false": 0.5949197860962567, "fMeasureByLabel__false": 0.5541718555417187, "precisionByLabel__true": 0.5186480186480187, "recallByLabel__true": 0.5949197860962567, "fMeasureByLabel__true": 0.5541718555417187}]}