{"svm": [{"accuracy": 0.7205139972464433, "accuracy (f1)": 0.7048951517298042, "precisionByLabel__false": 0.6360078277886497, "recallByLabel__false": 0.4344919786096257, "fMeasureByLabel__false": 0.5162827640984909, "precisionByLabel__true": 0.6360078277886497, "recallByLabel__true": 0.4344919786096257, "fMeasureByLabel__true": 0.5162827640984909}], "dtree": [{"accuracy": 0.3432767324460762, "accuracy (f1)": 0.17544994593075844, "precisionByLabel__false": 0.3432767324460762, "recallByLabel__false": 1.0, "fMeasureByLabel__false": 0.5111035189613939, "precisionByLabel__true": 0.3432767324460762, "recallByLabel__true": 1.0, "fMeasureByLabel__true": 0.5111035189613939}], "logreg": [{"accuracy": 0.7232675539238183, "accuracy (f1)": 0.689600699293816, "precisionByLabel__false": 0.7089337175792507, "recallByLabel__false": 0.32887700534759357, "fMeasureByLabel__false": 0.44931506849315067, "precisionByLabel__true": 0.7089337175792507, "recallByLabel__true": 0.32887700534759357, "fMeasureByLabel__true": 0.44931506849315067}], "onevsrest": [{"accuracy": 0.6961909132629647, "accuracy (f1)": 0.6875917092480797, "precisionByLabel__false": 0.5707236842105263, "recallByLabel__false": 0.46390374331550804, "fMeasureByLabel__false": 0.5117994100294986, "precisionByLabel__true": 0.5707236842105263, "recallByLabel__true": 0.46390374331550804, "fMeasureByLabel__true": 0.5117994100294986}], "bayes": [{"accuracy": 0.7127122533272143, "accuracy (f1)": 0.7092057833491343, "precisionByLabel__false": 0.5897058823529412, "recallByLabel__false": 0.536096256684492, "fMeasureByLabel__false": 0.561624649859944, "precisionByLabel__true": 0.5897058823529412, "recallByLabel__true": 0.536096256684492, "fMeasureByLabel__true": 0.561624649859944}]}