{"svm": [{"accuracy": 0.6829896907216495, "accuracy (f1)": 0.6696181825047804, "precisionByLabel__true": 0.7974137931034483, "recallByLabel__true": 0.4817708333333333, "fMeasureByLabel__true": 0.6006493506493507, "precisionByLabel__false": 0.7974137931034483, "recallByLabel__false": 0.4817708333333333, "fMeasureByLabel__false": 0.6006493506493507}], "dtree": [{"accuracy": 0.4948453608247423, "accuracy (f1)": 0.32762175613224315, "precisionByLabel__true": 0.4948453608247423, "recallByLabel__true": 1.0, "fMeasureByLabel__true": 0.6620689655172414, "precisionByLabel__false": 0.4948453608247423, "recallByLabel__false": 1.0, "fMeasureByLabel__false": 0.6620689655172414}], "logreg": [{"accuracy": 0.5032216494845361, "accuracy (f1)": 0.49874221292628834, "precisionByLabel__true": 0.49837486457204766, "recallByLabel__true": 0.5989583333333334, "fMeasureByLabel__true": 0.5440567711413365, "precisionByLabel__false": 0.49837486457204766, "recallByLabel__false": 0.5989583333333334, "fMeasureByLabel__false": 0.5440567711413365}], "onevsrest": [{"accuracy": 0.6353092783505154, "accuracy (f1)": 0.6033433437920215, "precisionByLabel__true": 0.8005952380952381, "recallByLabel__true": 0.3502604166666667, "fMeasureByLabel__true": 0.48731884057971014, "precisionByLabel__false": 0.8005952380952381, "recallByLabel__false": 0.3502604166666667, "fMeasureByLabel__false": 0.48731884057971014}], "bayes": [{"accuracy": 0.6894329896907216, "accuracy (f1)": 0.6844144227731949, "precisionByLabel__true": 0.647119341563786, "recallByLabel__true": 0.8190104166666666, "fMeasureByLabel__true": 0.7229885057471265, "precisionByLabel__false": 0.647119341563786, "recallByLabel__false": 0.8190104166666666, "fMeasureByLabel__false": 0.7229885057471265}]}