{"svm": [{"accuracy": 0.6591494845360825, "accuracy (f1)": 0.6402934909401518, "precisionByLabel__true": 0.7838479809976246, "recallByLabel__true": 0.4296875, "fMeasureByLabel__true": 0.5550883095037847, "precisionByLabel__false": 0.7838479809976246, "recallByLabel__false": 0.4296875, "fMeasureByLabel__false": 0.5550883095037847}], "dtree": [{"accuracy": 0.4948453608247423, "accuracy (f1)": 0.32762175613224315, "precisionByLabel__true": 0.4948453608247423, "recallByLabel__true": 1.0, "fMeasureByLabel__true": 0.6620689655172414, "precisionByLabel__false": 0.4948453608247423, "recallByLabel__false": 1.0, "fMeasureByLabel__false": 0.6620689655172414}], "logreg": [{"accuracy": 0.5135309278350515, "accuracy (f1)": 0.5082575210660905, "precisionByLabel__true": 0.5069370330843116, "recallByLabel__true": 0.6184895833333334, "fMeasureByLabel__true": 0.5571847507331378, "precisionByLabel__false": 0.5069370330843116, "recallByLabel__false": 0.6184895833333334, "fMeasureByLabel__false": 0.5571847507331378}], "onevsrest": [{"accuracy": 0.5451030927835051, "accuracy (f1)": 0.43403096063954777, "precisionByLabel__true": 0.8444444444444444, "recallByLabel__true": 0.09895833333333333, "fMeasureByLabel__true": 0.17715617715617715, "precisionByLabel__false": 0.8444444444444444, "recallByLabel__false": 0.09895833333333333, "fMeasureByLabel__false": 0.17715617715617715}], "bayes": [{"accuracy": 0.6623711340206185, "accuracy (f1)": 0.6562135191348797, "precisionByLabel__true": 0.6239837398373984, "recallByLabel__true": 0.7994791666666666, "fMeasureByLabel__true": 0.7009132420091325, "precisionByLabel__false": 0.6239837398373984, "recallByLabel__false": 0.7994791666666666, "fMeasureByLabel__false": 0.7009132420091325}]}