{"svm": [{"accuracy": 0.6675257731958762, "accuracy (f1)": 0.6519549463384129, "precisionByLabel__true": 0.78125, "recallByLabel__true": 0.4557291666666667, "fMeasureByLabel__true": 0.5756578947368421, "precisionByLabel__false": 0.78125, "recallByLabel__false": 0.4557291666666667, "fMeasureByLabel__false": 0.5756578947368421}], "dtree": [{"accuracy": 0.4948453608247423, "accuracy (f1)": 0.32762175613224315, "precisionByLabel__true": 0.4948453608247423, "recallByLabel__true": 1.0, "fMeasureByLabel__true": 0.6620689655172414, "precisionByLabel__false": 0.4948453608247423, "recallByLabel__false": 1.0, "fMeasureByLabel__false": 0.6620689655172414}], "logreg": [{"accuracy": 0.5186855670103093, "accuracy (f1)": 0.5117694589729316, "precisionByLabel__true": 0.5109261186264308, "recallByLabel__true": 0.6393229166666666, "fMeasureByLabel__true": 0.5679583574320416, "precisionByLabel__false": 0.5109261186264308, "recallByLabel__false": 0.6393229166666666, "fMeasureByLabel__false": 0.5679583574320416}], "onevsrest": [{"accuracy": 0.5547680412371134, "accuracy (f1)": 0.4503355678157984, "precisionByLabel__true": 0.8811881188118812, "recallByLabel__true": 0.11588541666666667, "fMeasureByLabel__true": 0.20483314154200233, "precisionByLabel__false": 0.8811881188118812, "recallByLabel__false": 0.11588541666666667, "fMeasureByLabel__false": 0.20483314154200233}], "bayes": [{"accuracy": 0.6649484536082474, "accuracy (f1)": 0.6546783848846571, "precisionByLabel__true": 0.6187739463601533, "recallByLabel__true": 0.8411458333333334, "fMeasureByLabel__true": 0.7130242825607064, "precisionByLabel__false": 0.6187739463601533, "recallByLabel__false": 0.8411458333333334, "fMeasureByLabel__false": 0.7130242825607064}]}