{"svm": [{"accuracy": 0.6829896907216495, "accuracy (f1)": 0.6667800676282425, "precisionByLabel__true": 0.8179723502304147, "recallByLabel__true": 0.4622395833333333, "fMeasureByLabel__true": 0.5906821963394342, "precisionByLabel__false": 0.8179723502304147, "recallByLabel__false": 0.4622395833333333, "fMeasureByLabel__false": 0.5906821963394342}], "dtree": [{"accuracy": 0.4948453608247423, "accuracy (f1)": 0.32762175613224315, "precisionByLabel__true": 0.4948453608247423, "recallByLabel__true": 1.0, "fMeasureByLabel__true": 0.6620689655172414, "precisionByLabel__false": 0.4948453608247423, "recallByLabel__false": 1.0, "fMeasureByLabel__false": 0.6620689655172414}], "logreg": [{"accuracy": 0.49742268041237114, "accuracy (f1)": 0.492443615944054, "precisionByLabel__true": 0.4935483870967742, "recallByLabel__true": 0.59765625, "fMeasureByLabel__true": 0.5406360424028268, "precisionByLabel__false": 0.4935483870967742, "recallByLabel__false": 0.59765625, "fMeasureByLabel__false": 0.5406360424028268}], "onevsrest": [{"accuracy": 0.5663659793814433, "accuracy (f1)": 0.47807905994532157, "precisionByLabel__true": 0.841726618705036, "recallByLabel__true": 0.15234375, "fMeasureByLabel__true": 0.2579933847850055, "precisionByLabel__false": 0.841726618705036, "recallByLabel__false": 0.15234375, "fMeasureByLabel__false": 0.2579933847850055}], "bayes": [{"accuracy": 0.6752577319587629, "accuracy (f1)": 0.6683681664054454, "precisionByLabel__true": 0.632, "recallByLabel__true": 0.8229166666666666, "fMeasureByLabel__true": 0.7149321266968326, "precisionByLabel__false": 0.632, "recallByLabel__false": 0.8229166666666666, "fMeasureByLabel__false": 0.7149321266968326}]}