{"svm": [{"accuracy": 0.708122992198256, "accuracy (f1)": 0.693016203393198, "precisionByLabel__false": 0.6068702290076335, "recallByLabel__false": 0.42513368983957217, "fMeasureByLabel__false": 0.5, "precisionByLabel__true": 0.6068702290076335, "recallByLabel__true": 0.42513368983957217, "fMeasureByLabel__true": 0.5}], "dtree": [{"accuracy": 0.3432767324460762, "accuracy (f1)": 0.17544994593075844, "precisionByLabel__false": 0.3432767324460762, "recallByLabel__false": 1.0, "fMeasureByLabel__false": 0.5111035189613939, "precisionByLabel__true": 0.3432767324460762, "recallByLabel__true": 1.0, "fMeasureByLabel__true": 0.5111035189613939}], "logreg": [{"accuracy": 0.7191372189077558, "accuracy (f1)": 0.6762291597762029, "precisionByLabel__false": 0.7361111111111112, "recallByLabel__false": 0.28342245989304815, "fMeasureByLabel__false": 0.4092664092664093, "precisionByLabel__true": 0.7361111111111112, "recallByLabel__true": 0.28342245989304815, "fMeasureByLabel__true": 0.4092664092664093}], "onevsrest": [{"accuracy": 0.6879302432308398, "accuracy (f1)": 0.6433701773014778, "precisionByLabel__false": 0.6111111111111112, "recallByLabel__false": 0.25, "fMeasureByLabel__false": 0.3548387096774194, "precisionByLabel__true": 0.6111111111111112, "recallByLabel__true": 0.25, "fMeasureByLabel__true": 0.3548387096774194}], "bayes": [{"accuracy": 0.6723267553923818, "accuracy (f1)": 0.6764488781386249, "precisionByLabel__false": 0.5201900237529691, "recallByLabel__false": 0.5855614973262032, "fMeasureByLabel__false": 0.550943396226415, "precisionByLabel__true": 0.5201900237529691, "recallByLabel__true": 0.5855614973262032, "fMeasureByLabel__true": 0.550943396226415}]}