{"svm": [{"accuracy": 0.7039926571821936, "accuracy (f1)": 0.6889480975852865, "precisionByLabel__false": 0.5977229601518027, "recallByLabel__false": 0.42112299465240643, "fMeasureByLabel__false": 0.4941176470588235, "precisionByLabel__true": 0.5977229601518027, "recallByLabel__true": 0.42112299465240643, "fMeasureByLabel__true": 0.4941176470588235}], "dtree": [{"accuracy": 0.3432767324460762, "accuracy (f1)": 0.17544994593075844, "precisionByLabel__false": 0.3432767324460762, "recallByLabel__false": 1.0, "fMeasureByLabel__false": 0.5111035189613939, "precisionByLabel__true": 0.3432767324460762, "recallByLabel__true": 1.0, "fMeasureByLabel__true": 0.5111035189613939}], "logreg": [{"accuracy": 0.7049105094079853, "accuracy (f1)": 0.6576170322809105, "precisionByLabel__false": 0.6909090909090909, "recallByLabel__false": 0.2540106951871658, "fMeasureByLabel__false": 0.37145650048875856, "precisionByLabel__true": 0.6909090909090909, "recallByLabel__true": 0.2540106951871658, "fMeasureByLabel__true": 0.37145650048875856}], "onevsrest": [{"accuracy": 0.6365305185865076, "accuracy (f1)": 0.6417139969248004, "precisionByLabel__false": 0.47435897435897434, "recallByLabel__false": 0.5441176470588235, "fMeasureByLabel__false": 0.5068493150684932, "precisionByLabel__true": 0.47435897435897434, "recallByLabel__true": 0.5441176470588235, "fMeasureByLabel__true": 0.5068493150684932}], "bayes": [{"accuracy": 0.6920605782469023, "accuracy (f1)": 0.6904523816558409, "precisionByLabel__false": 0.5536959553695955, "recallByLabel__false": 0.5307486631016043, "fMeasureByLabel__false": 0.5419795221843002, "precisionByLabel__true": 0.5536959553695955, "recallByLabel__true": 0.5307486631016043, "fMeasureByLabel__true": 0.5419795221843002}]}