{"svm": [{"accuracy": 0.7150068838916934, "accuracy (f1)": 0.6988957484739875, "precisionByLabel__false": 0.6247544204322201, "recallByLabel__false": 0.42513368983957217, "fMeasureByLabel__false": 0.5059665871121718, "precisionByLabel__true": 0.6247544204322201, "recallByLabel__true": 0.42513368983957217, "fMeasureByLabel__true": 0.5059665871121718}], "dtree": [{"accuracy": 0.3432767324460762, "accuracy (f1)": 0.17544994593075844, "precisionByLabel__false": 0.3432767324460762, "recallByLabel__false": 1.0, "fMeasureByLabel__false": 0.5111035189613939, "precisionByLabel__true": 0.3432767324460762, "recallByLabel__true": 1.0, "fMeasureByLabel__true": 0.5111035189613939}], "logreg": [{"accuracy": 0.7237264800367141, "accuracy (f1)": 0.6897082783671546, "precisionByLabel__false": 0.7122093023255814, "recallByLabel__false": 0.32754010695187163, "fMeasureByLabel__false": 0.4487179487179487, "precisionByLabel__true": 0.7122093023255814, "recallByLabel__true": 0.32754010695187163, "fMeasureByLabel__true": 0.4487179487179487}], "onevsrest": [{"accuracy": 0.6819642037631941, "accuracy (f1)": 0.6605403701697065, "precisionByLabel__false": 0.5576519916142557, "recallByLabel__false": 0.35561497326203206, "fMeasureByLabel__false": 0.4342857142857143, "precisionByLabel__true": 0.5576519916142557, "recallByLabel__true": 0.35561497326203206, "fMeasureByLabel__true": 0.4342857142857143}], "bayes": [{"accuracy": 0.6833409821018815, "accuracy (f1)": 0.6845019829519698, "precisionByLabel__false": 0.5375647668393783, "recallByLabel__false": 0.5548128342245989, "fMeasureByLabel__false": 0.5460526315789473, "precisionByLabel__true": 0.5375647668393783, "recallByLabel__true": 0.5548128342245989, "fMeasureByLabel__true": 0.5460526315789473}]}