{"svm": [{"results": {"accuracy": 0.792358803986711, "accuracy (f1)": 0.7925607588025396, "precisionByLabel__false": 0.8164556962025317, "recallByLabel__false": 0.7938461538461539, "fMeasureByLabel__false": 0.8049921996879876, "precisionByLabel__true": 0.8164556962025317, "recallByLabel__true": 0.7938461538461539, "fMeasureByLabel__true": 0.8049921996879876}, "fold": "HADOOP"}, {"results": {"accuracy": 0.8052631578947368, "accuracy (f1)": 0.8032598261958419, "precisionByLabel__false": 0.8624338624338624, "recallByLabel__false": 0.710239651416122, "fMeasureByLabel__false": 0.7789725209080048, "precisionByLabel__true": 0.8624338624338624, "recallByLabel__true": 0.710239651416122, "fMeasureByLabel__true": 0.7789725209080048}, "fold": "SPARK"}], "dtree": [{"results": {"accuracy": 0.4601328903654485, "accuracy (f1)": 0.2900041197525125, "precisionByLabel__false": 0.0, "recallByLabel__false": 0.0, "fMeasureByLabel__false": 0.0, "precisionByLabel__true": 0.0, "recallByLabel__true": 0.0, "fMeasureByLabel__true": 0.0}, "fold": "HADOOP"}, {"results": {"accuracy": 0.4831578947368421, "accuracy (f1)": 0.314789884576594, "precisionByLabel__false": 0.4831578947368421, "recallByLabel__false": 1.0, "fMeasureByLabel__false": 0.6515259048970901, "precisionByLabel__true": 0.4831578947368421, "recallByLabel__true": 1.0, "fMeasureByLabel__true": 0.6515259048970901}, "fold": "SPARK"}], "logreg": [{"results": {"accuracy": 0.7641196013289037, "accuracy (f1)": 0.7616030395430453, "precisionByLabel__false": 0.7493188010899182, "recallByLabel__false": 0.8461538461538461, "fMeasureByLabel__false": 0.7947976878612716, "precisionByLabel__true": 0.7493188010899182, "recallByLabel__true": 0.8461538461538461, "fMeasureByLabel__true": 0.7947976878612716}, "fold": "HADOOP"}, {"results": {"accuracy": 0.771578947368421, "accuracy (f1)": 0.7673330198635361, "precisionByLabel__false": 0.8497109826589595, "recallByLabel__false": 0.6405228758169934, "fMeasureByLabel__false": 0.7304347826086955, "precisionByLabel__true": 0.8497109826589595, "recallByLabel__true": 0.6405228758169934, "fMeasureByLabel__true": 0.7304347826086955}, "fold": "SPARK"}], "onevsrest": [{"results": {"accuracy": 0.5880398671096345, "accuracy (f1)": 0.5483039780469402, "precisionByLabel__false": 0.8235294117647058, "recallByLabel__false": 0.30153846153846153, "fMeasureByLabel__false": 0.44144144144144143, "precisionByLabel__true": 0.8235294117647058, "recallByLabel__true": 0.30153846153846153, "fMeasureByLabel__true": 0.44144144144144143}, "fold": "HADOOP"}, {"results": {"accuracy": 0.716842105263158, "accuracy (f1)": 0.7012078660417724, "precisionByLabel__false": 0.8682170542635659, "recallByLabel__false": 0.4880174291938998, "fMeasureByLabel__false": 0.6248256624825662, "precisionByLabel__true": 0.8682170542635659, "recallByLabel__true": 0.4880174291938998, "fMeasureByLabel__true": 0.6248256624825662}, "fold": "SPARK"}], "bayes": [{"results": {"accuracy": 0.7558139534883721, "accuracy (f1)": 0.7546981250059789, "precisionByLabel__false": 0.7557471264367817, "recallByLabel__false": 0.8092307692307692, "fMeasureByLabel__false": 0.7815750371471025, "precisionByLabel__true": 0.7557471264367817, "recallByLabel__true": 0.8092307692307692, "fMeasureByLabel__true": 0.7815750371471025}, "fold": "HADOOP"}, {"results": {"accuracy": 0.783157894736842, "accuracy (f1)": 0.7823527104301188, "precisionByLabel__false": 0.7364485981308411, "recallByLabel__false": 0.8583877995642701, "fMeasureByLabel__false": 0.7927565392354124, "precisionByLabel__true": 0.7364485981308411, "recallByLabel__true": 0.8583877995642701, "fMeasureByLabel__true": 0.7927565392354124}, "fold": "SPARK"}]}