{"svm": [{"results": {"accuracy": 0.7757475083056479, "accuracy (f1)": 0.7757767698642748, "precisionByLabel__false": 0.7932098765432098, "recallByLabel__false": 0.7907692307692308, "fMeasureByLabel__false": 0.7919876733436055, "precisionByLabel__true": 0.7932098765432098, "recallByLabel__true": 0.7907692307692308, "fMeasureByLabel__true": 0.7919876733436055}, "fold": "HADOOP"}, {"results": {"accuracy": 0.7978947368421052, "accuracy (f1)": 0.7953946514566754, "precisionByLabel__false": 0.8617886178861789, "recallByLabel__false": 0.6928104575163399, "fMeasureByLabel__false": 0.7681159420289855, "precisionByLabel__true": 0.8617886178861789, "recallByLabel__true": 0.6928104575163399, "fMeasureByLabel__true": 0.7681159420289855}, "fold": "SPARK"}], "dtree": [{"results": {"accuracy": 0.4601328903654485, "accuracy (f1)": 0.2900041197525125, "precisionByLabel__false": 0.0, "recallByLabel__false": 0.0, "fMeasureByLabel__false": 0.0, "precisionByLabel__true": 0.0, "recallByLabel__true": 0.0, "fMeasureByLabel__true": 0.0}, "fold": "HADOOP"}, {"results": {"accuracy": 0.4831578947368421, "accuracy (f1)": 0.314789884576594, "precisionByLabel__false": 0.4831578947368421, "recallByLabel__false": 1.0, "fMeasureByLabel__false": 0.6515259048970901, "precisionByLabel__true": 0.4831578947368421, "recallByLabel__true": 1.0, "fMeasureByLabel__true": 0.6515259048970901}, "fold": "SPARK"}], "logreg": [{"results": {"accuracy": 0.782392026578073, "accuracy (f1)": 0.7801519995668578, "precisionByLabel__false": 0.7650273224043715, "recallByLabel__false": 0.8615384615384616, "fMeasureByLabel__false": 0.8104196816208393, "precisionByLabel__true": 0.7650273224043715, "recallByLabel__true": 0.8615384615384616, "fMeasureByLabel__true": 0.8104196816208393}, "fold": "HADOOP"}, {"results": {"accuracy": 0.7610526315789473, "accuracy (f1)": 0.7550617144386201, "precisionByLabel__false": 0.8558282208588958, "recallByLabel__false": 0.6078431372549019, "fMeasureByLabel__false": 0.710828025477707, "precisionByLabel__true": 0.8558282208588958, "recallByLabel__true": 0.6078431372549019, "fMeasureByLabel__true": 0.710828025477707}, "fold": "SPARK"}], "onevsrest": [{"results": {"accuracy": 0.632890365448505, "accuracy (f1)": 0.6324970836782782, "precisionByLabel__false": 0.6566265060240963, "recallByLabel__false": 0.6707692307692308, "fMeasureByLabel__false": 0.6636225266362252, "precisionByLabel__true": 0.6566265060240963, "recallByLabel__true": 0.6707692307692308, "fMeasureByLabel__true": 0.6636225266362252}, "fold": "HADOOP"}, {"results": {"accuracy": 0.7115789473684211, "accuracy (f1)": 0.7105796289203318, "precisionByLabel__false": 0.7218225419664268, "recallByLabel__false": 0.6557734204793029, "fMeasureByLabel__false": 0.6872146118721462, "precisionByLabel__true": 0.7218225419664268, "recallByLabel__true": 0.6557734204793029, "fMeasureByLabel__true": 0.6872146118721462}, "fold": "SPARK"}], "bayes": [{"results": {"accuracy": 0.7541528239202658, "accuracy (f1)": 0.753218305055409, "precisionByLabel__false": 0.7565217391304347, "recallByLabel__false": 0.803076923076923, "fMeasureByLabel__false": 0.7791044776119402, "precisionByLabel__true": 0.7565217391304347, "recallByLabel__true": 0.803076923076923, "fMeasureByLabel__true": 0.7791044776119402}, "fold": "HADOOP"}, {"results": {"accuracy": 0.7894736842105263, "accuracy (f1)": 0.7893990324667431, "precisionByLabel__false": 0.7595190380761523, "recallByLabel__false": 0.8257080610021786, "fMeasureByLabel__false": 0.7912317327766178, "precisionByLabel__true": 0.7595190380761523, "recallByLabel__true": 0.8257080610021786, "fMeasureByLabel__true": 0.7912317327766178}, "fold": "SPARK"}]}