{"svm": [{"results": {"accuracy": 0.7956810631229236, "accuracy (f1)": 0.795707723654117, "precisionByLabel__false": 0.8117283950617284, "recallByLabel__false": 0.8092307692307692, "fMeasureByLabel__false": 0.810477657935285, "precisionByLabel__true": 0.8117283950617284, "recallByLabel__true": 0.8092307692307692, "fMeasureByLabel__true": 0.810477657935285}, "fold": "HADOOP"}, {"results": {"accuracy": 0.8084210526315789, "accuracy (f1)": 0.8063213306120186, "precisionByLabel__false": 0.8693333333333333, "recallByLabel__false": 0.710239651416122, "fMeasureByLabel__false": 0.7817745803357314, "precisionByLabel__true": 0.8693333333333333, "recallByLabel__true": 0.710239651416122, "fMeasureByLabel__true": 0.7817745803357314}, "fold": "SPARK"}], "dtree": [{"results": {"accuracy": 0.4601328903654485, "accuracy (f1)": 0.2900041197525125, "precisionByLabel__false": 0.0, "recallByLabel__false": 0.0, "fMeasureByLabel__false": 0.0, "precisionByLabel__true": 0.0, "recallByLabel__true": 0.0, "fMeasureByLabel__true": 0.0}, "fold": "HADOOP"}, {"results": {"accuracy": 0.4831578947368421, "accuracy (f1)": 0.314789884576594, "precisionByLabel__false": 0.4831578947368421, "recallByLabel__false": 1.0, "fMeasureByLabel__false": 0.6515259048970901, "precisionByLabel__true": 0.4831578947368421, "recallByLabel__true": 1.0, "fMeasureByLabel__true": 0.6515259048970901}, "fold": "SPARK"}], "logreg": [{"results": {"accuracy": 0.7757475083056479, "accuracy (f1)": 0.7721363416732383, "precisionByLabel__false": 0.75, "recallByLabel__false": 0.8769230769230769, "fMeasureByLabel__false": 0.8085106382978723, "precisionByLabel__true": 0.75, "recallByLabel__true": 0.8769230769230769, "fMeasureByLabel__true": 0.8085106382978723}, "fold": "HADOOP"}, {"results": {"accuracy": 0.7810526315789473, "accuracy (f1)": 0.7767840584522779, "precisionByLabel__false": 0.8658892128279884, "recallByLabel__false": 0.6470588235294118, "fMeasureByLabel__false": 0.7406483790523691, "precisionByLabel__true": 0.8658892128279884, "recallByLabel__true": 0.6470588235294118, "fMeasureByLabel__true": 0.7406483790523691}, "fold": "SPARK"}], "onevsrest": [{"results": {"accuracy": 0.717607973421927, "accuracy (f1)": 0.7144367545520465, "precisionByLabel__false": 0.8326180257510729, "recallByLabel__false": 0.5969230769230769, "fMeasureByLabel__false": 0.6953405017921146, "precisionByLabel__true": 0.8326180257510729, "recallByLabel__true": 0.5969230769230769, "fMeasureByLabel__true": 0.6953405017921146}, "fold": "HADOOP"}, {"results": {"accuracy": 0.7778947368421053, "accuracy (f1)": 0.7761600586916788, "precisionByLabel__false": 0.8179487179487179, "recallByLabel__false": 0.6949891067538126, "fMeasureByLabel__false": 0.751472320376914, "precisionByLabel__true": 0.8179487179487179, "recallByLabel__true": 0.6949891067538126, "fMeasureByLabel__true": 0.751472320376914}, "fold": "SPARK"}], "bayes": [{"results": {"accuracy": 0.7724252491694352, "accuracy (f1)": 0.7720137514016994, "precisionByLabel__false": 0.7797619047619048, "recallByLabel__false": 0.8061538461538461, "fMeasureByLabel__false": 0.7927382753403933, "precisionByLabel__true": 0.7797619047619048, "recallByLabel__true": 0.8061538461538461, "fMeasureByLabel__true": 0.7927382753403933}, "fold": "HADOOP"}, {"results": {"accuracy": 0.8126315789473684, "accuracy (f1)": 0.8125443729003359, "precisionByLabel__false": 0.780439121756487, "recallByLabel__false": 0.8518518518518519, "fMeasureByLabel__false": 0.8145833333333332, "precisionByLabel__true": 0.780439121756487, "recallByLabel__true": 0.8518518518518519, "fMeasureByLabel__true": 0.8145833333333332}, "fold": "SPARK"}]}