{"svm": [{"results": {"accuracy": 0.7956810631229236, "accuracy (f1)": 0.7959113948284617, "precisionByLabel__false": 0.821656050955414, "recallByLabel__false": 0.7938461538461539, "fMeasureByLabel__false": 0.8075117370892019, "precisionByLabel__true": 0.821656050955414, "recallByLabel__true": 0.7938461538461539, "fMeasureByLabel__true": 0.8075117370892019}, "fold": "HADOOP"}, {"results": {"accuracy": 0.8031578947368421, "accuracy (f1)": 0.8011329053979591, "precisionByLabel__false": 0.8597883597883598, "recallByLabel__false": 0.7080610021786492, "fMeasureByLabel__false": 0.7765830346475507, "precisionByLabel__true": 0.8597883597883598, "recallByLabel__true": 0.7080610021786492, "fMeasureByLabel__true": 0.7765830346475507}, "fold": "SPARK"}], "dtree": [{"results": {"accuracy": 0.4601328903654485, "accuracy (f1)": 0.2900041197525125, "precisionByLabel__false": 0.0, "recallByLabel__false": 0.0, "fMeasureByLabel__false": 0.0, "precisionByLabel__true": 0.0, "recallByLabel__true": 0.0, "fMeasureByLabel__true": 0.0}, "fold": "HADOOP"}, {"results": {"accuracy": 0.4831578947368421, "accuracy (f1)": 0.314789884576594, "precisionByLabel__false": 0.4831578947368421, "recallByLabel__false": 1.0, "fMeasureByLabel__false": 0.6515259048970901, "precisionByLabel__true": 0.4831578947368421, "recallByLabel__true": 1.0, "fMeasureByLabel__true": 0.6515259048970901}, "fold": "SPARK"}], "logreg": [{"results": {"accuracy": 0.7657807308970099, "accuracy (f1)": 0.763192647095619, "precisionByLabel__false": 0.75, "recallByLabel__false": 0.8492307692307692, "fMeasureByLabel__false": 0.7965367965367965, "precisionByLabel__true": 0.75, "recallByLabel__true": 0.8492307692307692, "fMeasureByLabel__true": 0.7965367965367965}, "fold": "HADOOP"}, {"results": {"accuracy": 0.771578947368421, "accuracy (f1)": 0.7676014631335533, "precisionByLabel__false": 0.8457142857142858, "recallByLabel__false": 0.644880174291939, "fMeasureByLabel__false": 0.7317676143386896, "precisionByLabel__true": 0.8457142857142858, "recallByLabel__true": 0.644880174291939, "fMeasureByLabel__true": 0.7317676143386896}, "fold": "SPARK"}], "onevsrest": [{"results": {"accuracy": 0.5780730897009967, "accuracy (f1)": 0.5343496767949683, "precisionByLabel__false": 0.8141592920353983, "recallByLabel__false": 0.28307692307692306, "fMeasureByLabel__false": 0.42009132420091316, "precisionByLabel__true": 0.8141592920353983, "recallByLabel__true": 0.28307692307692306, "fMeasureByLabel__true": 0.42009132420091316}, "fold": "HADOOP"}, {"results": {"accuracy": 0.7273684210526316, "accuracy (f1)": 0.7148412662557682, "precisionByLabel__false": 0.8623188405797102, "recallByLabel__false": 0.5185185185185185, "fMeasureByLabel__false": 0.6476190476190476, "precisionByLabel__true": 0.8623188405797102, "recallByLabel__true": 0.5185185185185185, "fMeasureByLabel__true": 0.6476190476190476}, "fold": "SPARK"}], "bayes": [{"results": {"accuracy": 0.7558139534883721, "accuracy (f1)": 0.7546981250059789, "precisionByLabel__false": 0.7557471264367817, "recallByLabel__false": 0.8092307692307692, "fMeasureByLabel__false": 0.7815750371471025, "precisionByLabel__true": 0.7557471264367817, "recallByLabel__true": 0.8092307692307692, "fMeasureByLabel__true": 0.7815750371471025}, "fold": "HADOOP"}, {"results": {"accuracy": 0.7821052631578947, "accuracy (f1)": 0.7812668109375023, "precisionByLabel__false": 0.7350746268656716, "recallByLabel__false": 0.8583877995642701, "fMeasureByLabel__false": 0.7919597989949749, "precisionByLabel__true": 0.7350746268656716, "recallByLabel__true": 0.8583877995642701, "fMeasureByLabel__true": 0.7919597989949749}, "fold": "SPARK"}]}