{"svm": [{"results": {"accuracy": 0.6133651551312649, "accuracy (f1)": 0.6204248416935997, "precisionByLabel__Behavioral decision": 0.44360902255639095, "recallByLabel__Behavioral decision": 0.6483516483516484, "fMeasureByLabel__Behavioral decision": 0.5267857142857142, "precisionByLabel__Non-existence - ban decision": 0.44360902255639095, "recallByLabel__Non-existence - ban decision": 0.6483516483516484, "fMeasureByLabel__Non-existence - ban decision": 0.5267857142857142, "precisionByLabel__Structural decision": 0.44360902255639095, "recallByLabel__Structural decision": 0.6483516483516484, "fMeasureByLabel__Structural decision": 0.5267857142857142, "precisionByLabel__non-architectural": 0.44360902255639095, "recallByLabel__non-architectural": 0.6483516483516484, "fMeasureByLabel__non-architectural": 0.5267857142857142}, "fold": "SPARK"}, {"results": {"accuracy": 0.6334841628959276, "accuracy (f1)": 0.6251205491247336, "precisionByLabel__Behavioral decision": 0.7073170731707317, "recallByLabel__Behavioral decision": 0.42028985507246375, "fMeasureByLabel__Behavioral decision": 0.5272727272727273, "precisionByLabel__Non-existence - ban decision": 0.7073170731707317, "recallByLabel__Non-existence - ban decision": 0.42028985507246375, "fMeasureByLabel__Non-existence - ban decision": 0.5272727272727273, "precisionByLabel__Structural decision": 0.7073170731707317, "recallByLabel__Structural decision": 0.42028985507246375, "fMeasureByLabel__Structural decision": 0.5272727272727273, "precisionByLabel__non-architectural": 0.7073170731707317, "recallByLabel__non-architectural": 0.42028985507246375, "fMeasureByLabel__non-architectural": 0.5272727272727273}, "fold": "HADOOP"}], "dtree": [{"results": {"accuracy": 0.2171837708830549, "accuracy (f1)": 0.07750479666807057, "precisionByLabel__Behavioral decision": 0.2171837708830549, "recallByLabel__Behavioral decision": 1.0, "fMeasureByLabel__Behavioral decision": 0.3568627450980392, "precisionByLabel__Non-existence - ban decision": 0.2171837708830549, "recallByLabel__Non-existence - ban decision": 1.0, "fMeasureByLabel__Non-existence - ban decision": 0.3568627450980392, "precisionByLabel__Structural decision": 0.2171837708830549, "recallByLabel__Structural decision": 1.0, "fMeasureByLabel__Structural decision": 0.3568627450980392, "precisionByLabel__non-architectural": 0.2171837708830549, "recallByLabel__non-architectural": 1.0, "fMeasureByLabel__non-architectural": 0.3568627450980392}, "fold": "SPARK"}, {"results": {"accuracy": 0.14027149321266968, "accuracy (f1)": 0.03451124039359334, "precisionByLabel__Behavioral decision": 0.0, "recallByLabel__Behavioral decision": 0.0, "fMeasureByLabel__Behavioral decision": 0.0, "precisionByLabel__Non-existence - ban decision": 0.0, "recallByLabel__Non-existence - ban decision": 0.0, "fMeasureByLabel__Non-existence - ban decision": 0.0, "precisionByLabel__Structural decision": 0.0, "recallByLabel__Structural decision": 0.0, "fMeasureByLabel__Structural decision": 0.0, "precisionByLabel__non-architectural": 0.0, "recallByLabel__non-architectural": 0.0, "fMeasureByLabel__non-architectural": 0.0}, "fold": "HADOOP"}], "logreg": [{"results": {"accuracy": 0.6372315035799523, "accuracy (f1)": 0.6143039384545201, "precisionByLabel__Behavioral decision": 0.44508670520231214, "recallByLabel__Behavioral decision": 0.8461538461538461, "fMeasureByLabel__Behavioral decision": 0.5833333333333334, "precisionByLabel__Non-existence - ban decision": 0.44508670520231214, "recallByLabel__Non-existence - ban decision": 0.8461538461538461, "fMeasureByLabel__Non-existence - ban decision": 0.5833333333333334, "precisionByLabel__Structural decision": 0.44508670520231214, "recallByLabel__Structural decision": 0.8461538461538461, "fMeasureByLabel__Structural decision": 0.5833333333333334, "precisionByLabel__non-architectural": 0.44508670520231214, "recallByLabel__non-architectural": 0.8461538461538461, "fMeasureByLabel__non-architectural": 0.5833333333333334}, "fold": "SPARK"}, {"results": {"accuracy": 0.6018099547511312, "accuracy (f1)": 0.587212845633819, "precisionByLabel__Behavioral decision": 0.6764705882352942, "recallByLabel__Behavioral decision": 0.3333333333333333, "fMeasureByLabel__Behavioral decision": 0.44660194174757284, "precisionByLabel__Non-existence - ban decision": 0.6764705882352942, "recallByLabel__Non-existence - ban decision": 0.3333333333333333, "fMeasureByLabel__Non-existence - ban decision": 0.44660194174757284, "precisionByLabel__Structural decision": 0.6764705882352942, "recallByLabel__Structural decision": 0.3333333333333333, "fMeasureByLabel__Structural decision": 0.44660194174757284, "precisionByLabel__non-architectural": 0.6764705882352942, "recallByLabel__non-architectural": 0.3333333333333333, "fMeasureByLabel__non-architectural": 0.44660194174757284}, "fold": "HADOOP"}], "onevsrest": [{"results": {"accuracy": 0.5298329355608592, "accuracy (f1)": 0.525457120622719, "precisionByLabel__Behavioral decision": 0.417910447761194, "recallByLabel__Behavioral decision": 0.3076923076923077, "fMeasureByLabel__Behavioral decision": 0.35443037974683544, "precisionByLabel__Non-existence - ban decision": 0.417910447761194, "recallByLabel__Non-existence - ban decision": 0.3076923076923077, "fMeasureByLabel__Non-existence - ban decision": 0.35443037974683544, "precisionByLabel__Structural decision": 0.417910447761194, "recallByLabel__Structural decision": 0.3076923076923077, "fMeasureByLabel__Structural decision": 0.35443037974683544, "precisionByLabel__non-architectural": 0.417910447761194, "recallByLabel__non-architectural": 0.3076923076923077, "fMeasureByLabel__non-architectural": 0.35443037974683544}, "fold": "SPARK"}, {"results": {"accuracy": 0.5248868778280543, "accuracy (f1)": 0.5226409210676107, "precisionByLabel__Behavioral decision": 0.48484848484848486, "recallByLabel__Behavioral decision": 0.463768115942029, "fMeasureByLabel__Behavioral decision": 0.47407407407407404, "precisionByLabel__Non-existence - ban decision": 0.48484848484848486, "recallByLabel__Non-existence - ban decision": 0.463768115942029, "fMeasureByLabel__Non-existence - ban decision": 0.47407407407407404, "precisionByLabel__Structural decision": 0.48484848484848486, "recallByLabel__Structural decision": 0.463768115942029, "fMeasureByLabel__Structural decision": 0.47407407407407404, "precisionByLabel__non-architectural": 0.48484848484848486, "recallByLabel__non-architectural": 0.463768115942029, "fMeasureByLabel__non-architectural": 0.47407407407407404}, "fold": "HADOOP"}], "bayes": [{"results": {"accuracy": 0.4797136038186158, "accuracy (f1)": 0.47079366062649564, "precisionByLabel__Behavioral decision": 0.328125, "recallByLabel__Behavioral decision": 0.9230769230769231, "fMeasureByLabel__Behavioral decision": 0.48414985590778103, "precisionByLabel__Non-existence - ban decision": 0.328125, "recallByLabel__Non-existence - ban decision": 0.9230769230769231, "fMeasureByLabel__Non-existence - ban decision": 0.48414985590778103, "precisionByLabel__Structural decision": 0.328125, "recallByLabel__Structural decision": 0.9230769230769231, "fMeasureByLabel__Structural decision": 0.48414985590778103, "precisionByLabel__non-architectural": 0.328125, "recallByLabel__non-architectural": 0.9230769230769231, "fMeasureByLabel__non-architectural": 0.48414985590778103}, "fold": "SPARK"}, {"results": {"accuracy": 0.5475113122171946, "accuracy (f1)": 0.53568541538181, "precisionByLabel__Behavioral decision": 0.5238095238095238, "recallByLabel__Behavioral decision": 0.3188405797101449, "fMeasureByLabel__Behavioral decision": 0.39639639639639634, "precisionByLabel__Non-existence - ban decision": 0.5238095238095238, "recallByLabel__Non-existence - ban decision": 0.3188405797101449, "fMeasureByLabel__Non-existence - ban decision": 0.39639639639639634, "precisionByLabel__Structural decision": 0.5238095238095238, "recallByLabel__Structural decision": 0.3188405797101449, "fMeasureByLabel__Structural decision": 0.39639639639639634,