{"svm": [{"results": {"accuracy": 0.45605700712589076, "accuracy (f1)": 0.4621079676488946, "precisionByLabel__Behavioral decision": 0.3004115226337449, "recallByLabel__Behavioral decision": 0.8295454545454546, "fMeasureByLabel__Behavioral decision": 0.44108761329305135, "precisionByLabel__Non-existence - ban decision": 0.3004115226337449, "recallByLabel__Non-existence - ban decision": 0.8295454545454546, "fMeasureByLabel__Non-existence - ban decision": 0.44108761329305135, "precisionByLabel__Structural decision": 0.3004115226337449, "recallByLabel__Structural decision": 0.8295454545454546, "fMeasureByLabel__Structural decision": 0.44108761329305135, "precisionByLabel__non-architectural": 0.3004115226337449, "recallByLabel__non-architectural": 0.8295454545454546, "fMeasureByLabel__non-architectural": 0.44108761329305135}, "fold": "SPARK"}, {"results": {"accuracy": 0.5981735159817352, "accuracy (f1)": 0.5922772648447271, "precisionByLabel__Behavioral decision": 0.717948717948718, "recallByLabel__Behavioral decision": 0.3888888888888889, "fMeasureByLabel__Behavioral decision": 0.5045045045045045, "precisionByLabel__Non-existence - ban decision": 0.717948717948718, "recallByLabel__Non-existence - ban decision": 0.3888888888888889, "fMeasureByLabel__Non-existence - ban decision": 0.5045045045045045, "precisionByLabel__Structural decision": 0.717948717948718, "recallByLabel__Structural decision": 0.3888888888888889, "fMeasureByLabel__Structural decision": 0.5045045045045045, "precisionByLabel__non-architectural": 0.717948717948718, "recallByLabel__non-architectural": 0.3888888888888889, "fMeasureByLabel__non-architectural": 0.5045045045045045}, "fold": "HADOOP"}], "dtree": [{"results": {"accuracy": 0.20902612826603326, "accuracy (f1)": 0.07227622509788183, "precisionByLabel__Behavioral decision": 0.20902612826603326, "recallByLabel__Behavioral decision": 1.0, "fMeasureByLabel__Behavioral decision": 0.34577603143418467, "precisionByLabel__Non-existence - ban decision": 0.20902612826603326, "recallByLabel__Non-existence - ban decision": 1.0, "fMeasureByLabel__Non-existence - ban decision": 0.34577603143418467, "precisionByLabel__Structural decision": 0.20902612826603326, "recallByLabel__Structural decision": 1.0, "fMeasureByLabel__Structural decision": 0.34577603143418467, "precisionByLabel__non-architectural": 0.20902612826603326, "recallByLabel__non-architectural": 1.0, "fMeasureByLabel__non-architectural": 0.34577603143418467}, "fold": "SPARK"}, {"results": {"accuracy": 0.1324200913242009, "accuracy (f1)": 0.03096921490646634, "precisionByLabel__Behavioral decision": 0.0, "recallByLabel__Behavioral decision": 0.0, "fMeasureByLabel__Behavioral decision": 0.0, "precisionByLabel__Non-existence - ban decision": 0.0, "recallByLabel__Non-existence - ban decision": 0.0, "fMeasureByLabel__Non-existence - ban decision": 0.0, "precisionByLabel__Structural decision": 0.0, "recallByLabel__Structural decision": 0.0, "fMeasureByLabel__Structural decision": 0.0, "precisionByLabel__non-architectural": 0.0, "recallByLabel__non-architectural": 0.0, "fMeasureByLabel__non-architectural": 0.0}, "fold": "HADOOP"}], "logreg": [{"results": {"accuracy": 0.6769596199524941, "accuracy (f1)": 0.6752894997412487, "precisionByLabel__Behavioral decision": 0.5038167938931297, "recallByLabel__Behavioral decision": 0.75, "fMeasureByLabel__Behavioral decision": 0.6027397260273972, "precisionByLabel__Non-existence - ban decision": 0.5038167938931297, "recallByLabel__Non-existence - ban decision": 0.75, "fMeasureByLabel__Non-existence - ban decision": 0.6027397260273972, "precisionByLabel__Structural decision": 0.5038167938931297, "recallByLabel__Structural decision": 0.75, "fMeasureByLabel__Structural decision": 0.6027397260273972, "precisionByLabel__non-architectural": 0.5038167938931297, "recallByLabel__non-architectural": 0.75, "fMeasureByLabel__non-architectural": 0.6027397260273972}, "fold": "SPARK"}, {"results": {"accuracy": 0.639269406392694, "accuracy (f1)": 0.6340711283763408, "precisionByLabel__Behavioral decision": 0.8, "recallByLabel__Behavioral decision": 0.4444444444444444, "fMeasureByLabel__Behavioral decision": 0.5714285714285714, "precisionByLabel__Non-existence - ban decision": 0.8, "recallByLabel__Non-existence - ban decision": 0.4444444444444444, "fMeasureByLabel__Non-existence - ban decision": 0.5714285714285714, "precisionByLabel__Structural decision": 0.8, "recallByLabel__Structural decision": 0.4444444444444444, "fMeasureByLabel__Structural decision": 0.5714285714285714, "precisionByLabel__non-architectural": 0.8, "recallByLabel__non-architectural": 0.4444444444444444, "fMeasureByLabel__non-architectural": 0.5714285714285714}, "fold": "HADOOP"}], "onevsrest": [{"results": {"accuracy": 0.4085510688836104, "accuracy (f1)": 0.39333992549802793, "precisionByLabel__Behavioral decision": 0.3875, "recallByLabel__Behavioral decision": 0.3522727272727273, "fMeasureByLabel__Behavioral decision": 0.36904761904761907, "precisionByLabel__Non-existence - ban decision": 0.3875, "recallByLabel__Non-existence - ban decision": 0.3522727272727273, "fMeasureByLabel__Non-existence - ban decision": 0.36904761904761907, "precisionByLabel__Structural decision": 0.3875, "recallByLabel__Structural decision": 0.3522727272727273, "fMeasureByLabel__Structural decision": 0.36904761904761907, "precisionByLabel__non-architectural": 0.3875, "recallByLabel__non-architectural": 0.3522727272727273, "fMeasureByLabel__non-architectural": 0.36904761904761907}, "fold": "SPARK"}, {"results": {"accuracy": 0.4155251141552511, "accuracy (f1)": 0.42254304774766915, "precisionByLabel__Behavioral decision": 0.6774193548387096, "recallByLabel__Behavioral decision": 0.2916666666666667, "fMeasureByLabel__Behavioral decision": 0.4077669902912622, "precisionByLabel__Non-existence - ban decision": 0.6774193548387096, "recallByLabel__Non-existence - ban decision": 0.2916666666666667, "fMeasureByLabel__Non-existence - ban decision": 0.4077669902912622, "precisionByLabel__Structural decision": 0.6774193548387096, "recallByLabel__Structural decision": 0.2916666666666667, "fMeasureByLabel__Structural decision": 0.4077669902912622, "precisionByLabel__non-architectural": 0.6774193548387096, "recallByLabel__non-architectural": 0.2916666666666667, "fMeasureByLabel__non-architectural": 0.4077669902912622}, "fold": "HADOOP"}], "bayes": [{"results": {"accuracy": 0.4251781472684085, "accuracy (f1)": 0.406847946838811, "precisionByLabel__Behavioral decision": 0.30739299610894943, "recallByLabel__Behavioral decision": 0.8977272727272727, "fMeasureByLabel__Behavioral decision": 0.4579710144927536, "precisionByLabel__Non-existence - ban decision": 0.30739299610894943, "recallByLabel__Non-existence - ban decision": 0.8977272727272727, "fMeasureByLabel__Non-existence - ban decision": 0.4579710144927536, "precisionByLabel__Structural decision": 0.30739299610894943, "recallByLabel__Structural decision": 0.8977272727272727, "fMeasureByLabel__Structural decision": 0.4579710144927536, "precisionByLabel__non-architectural": 0.30739299610894943, "recallByLabel__non-architectural": 0.8977272727272727, "fMeasureByLabel__non-architectural": 0.4579710144927536}, "fold": "SPARK"}, {"results": {"accuracy": 0.5205479452054794, "accuracy (f1)": 0.5077912803810207, "precisionByLabel__Behavioral decision": 0.7096774193548387, "recallByLabel__Behavioral decision": 0.3055555555555556, "fMeasureByLabel__Behavioral decision": 0.4271844660194175, "precisionByLabel__Non-existence - ban decision": 0.7096774193548387, "recallByLabel__Non-existence - ban decision": 0.3055555555555556, "fMeasureByLabel__Non-existence - ban decision": 0.4271844660194175, "precisionByLabel__Structural decision": 0.7096774193548387, "recallByLabel__Structural decision": 0.3055555555555556, "fMeasureByLabel__Structural decision": 0.4271844660194175, "precisionByLabel__non-architectural": 0.7096774193548387, "recallByLabel__non-architectural": 0.3055555555555556,